name,image,hp,pa,ma,sp,cr
shih,nba_players_290.png,10,7,3,9,8
shih,032621.jpg,4,5,8,9,7
shih,nba_players_429.png,6,5,6,7,5
liao,090899.jpg,5,4,7,4,4
liao,095790.jpg,6,5,5,3,7
liao,173979.jpg,9,5,2,2,5
liao,nba_players_550.png,3,8,0,7,2
liao,ghes_107_6_18.png,5,4,5,4,3
liao,001385.jpg,3,6,10,3,5
liao,legislator_45.png,6,5,7,2,4
liao,064140.jpg,4,5,3,4,0
liao,nba_players_163.png,0,0,0,0,0
liao,nba_players_163.png,5,7,2,7,3
liao,037050.jpg,3,5,7,7,4
liao,128291.jpg,7,7,7,0,10
liao,054097.jpg,4,2,10,5,6
liao,151064.jpg,7,3,3,3,3
liao,155218.jpg,0,4,3,2,2
liao,104706.jpg,8,4,9,6,6
liao,nba_players_296.png,5,7,2,7,3
Ooopy,nctucs_114.png,7,3,7,2,2
Ooopy,076808.jpg,8,7,5,10,10
liao,nctucs_62.png,4,5,3,7,3
liao,aov_7.png,3,6,5,9,2
liao,089368.jpg,3,5,9,4,3
liao,189349.jpg,5,0,7,3,4
liao,legislator_55.png,7,5,8,3,6
liao,nba_players_309.png,6,8,3,6,5
liao,190866.jpg,4,5,5,4,3
liao,136688.jpg,2,4,7,3,4
liao,172839.jpg,5,0,3,3,6
liao,nba_players_370.png,3,7,2,6,4
liao,nba_players_46.png,0,0,0,0,0
liao,nba_players_46.png,0,0,0,0,0
liao,nba_players_46.png,10,8,2,3,7
liao,081644.jpg,7,7,0,7,5
liao,nba_players_526.png,6,5,0,0,4
liao,000543.jpg,4,7,2,0,0
liao,067543.jpg,7,7,2,3,6
liao,ghes_108_6_12.png,4,3,3,3,5
liao,092325.jpg,3,2,8,5,3
liao,aov_93.png,2,4,3,2,4
liao,022836.jpg,2,2,4,0,0
liao,062374.jpg,4,3,10,3,6
liao,129969.jpg,5,5,5,2,4
liao,054168.jpg,7,7,7,3,6
liao,010798.jpg,6,6,7,2,0
liao,nba_players_122.png,5,5,4,4,4
liao,130537.jpg,6,6,4,0,0
liao,nba_players_553.png,3,0,2,7,0
liao,152104.jpg,4,6,6,0,0
liao,ghes_107_6_6.png,2,3,2,2,1
liao,169178.jpg,7,7,2,1,6
liao,180621.jpg,7,8,3,3,0
liao,nba_players_483.png,5,0,1,7,0
liao,098210.jpg,3,4,0,5,4
liao,legislator_53.png,8,7,2,2,6
liao,nba_players_356.png,0,0,1,5,0
liao,113156.jpg,5,7,0,7,5
liao,192133.jpg,4,6,6,4,2
liao,nba_players_75.png,3,6,3,4,5
liao,nba_players_10.png,6,5,4,7,2
kdjjdk,190739.jpg,8,5,3,2,8
liao,109436.jpg,2,3,3,4,3
kdjjdk,nba_players_13.png,7,0,8,7,5
liao,055046.jpg,3,3,5,5,2
kdjjdk,060509.jpg,6,6,0,0,3
liao,113754.jpg,8,5,5,4,5
liao,081689.jpg,6,4,2,4,7
liao,080420.jpg,3,0,5,0,3
kdjjdk,027855.jpg,3,4,8,8,7
liao,006438.jpg,0,2,6,0,0
liao,nba_players_184.png,5,8,3,7,0
liao,nba_players_137.png,4,0,0,0,2
liao,007239.jpg,0,6,0,5,0
liao,nba_players_342.png,0,0,4,0,4
liao,150496.jpg,7,0,0,0,5
kdjjdk,106896.jpg,5,0,6,4,4
liao,nba_players_232.png,0,0,3,0,3
liao,nba_players_214.png,6,4,0,0,0
liao,138476.jpg,0,0,5,0,0
kdjjdk,nba_players_370.png,8,8,2,5,8
liao,187475.jpg,0,0,7,0,0
liao,nba_players_159.png,0,7,0,0,6
kdjjdk,nctucs_40.png,6,4,3,3,9
liao,nba_players_156.png,7,5,0,0,0
liao,023607.jpg,3,3,10,5,10
kdjjdk,106921.jpg,9,6,8,0,7
liao,115490.jpg,5,0,1,2,3
liao,027044.jpg,0,5,4,5,0
liao,132206.jpg,0,3,0,3,3
kdjjdk,legislator_71.png,6,6,4,0,5
kdjjdk,nctucs_86.png,9,8,3,2,8
liao,councilors_51.png,0,4,5,4,2
liao,nctucs_116.png,0,7,4,5,1
liao,159011.jpg,0,0,10,0,3
liao,nba_players_226.png,0,4,4,0,0
kdjjdk,nba_players_77.png,0,8,0,0,0
kdjjdk,nba_players_472.png,8,7,5,6,7
qqq,149029.jpg,7,3,8,5,3
liao,136028.jpg,10,7,3,1,10
liao,119386.jpg,3,4,2,3,2
liao,117248.jpg,2,2,3,3,1
liao,nba_players_136.png,3,7,1,4,1
liao,nba_players_386.png,3,5,2,5,1
liao,104174.jpg,2,1,6,2,3
liao,legislator_60.png,5,4,4,2,2
liao,nba_players_470.png,3,6,2,3,2
liao,legislator_87.png,3,2,3,2,1
liao,nba_players_341.png,2,2,6,4,2
liao,nba_players_154.png,2,3,3,2,2
liao,188596.jpg,7,1,10,2,10
liao,councilors_44.png,3,3,3,3,3
liao,192266.jpg,7,2,2,2,4
liao,nba_players_499.png,4,6,2,6,2
liao,nba_players_29.png,4,5,3,6,1
liao,nctucs_117.png,8,8,3,7,6
liao,071782.jpg,5,7,3,5,4
liao,178560.jpg,2,2,2,1,1
liao,035464.jpg,2,4,3,1,2
liao,ghes_107_6_11.png,2,1,1,1,1
qqq,031664.jpg,4,7,2,8,5
waterso,nba_players_250.png,9,9,4,6,3
qqq,021524.jpg,8,4,1,6,2
waterso,nba_players_179.png,2,4,6,9,5
qqq,067661.jpg,5,2,5,3,3
waterso,111725.jpg,8,3,9,2,6
waterso,nba_players_531.png,6,6,9,10,7
qqq,nctucs_29.png,3,6,1,5,3
waterso,126030.jpg,4,3,9,9,9
qqq,nba_players_231.png,7,9,1,7,7
qqq,nba_players_29.png,5,2,5,10,4
waterso,162979.jpg,8,1,10,4,8
qqq,nba_players_139.png,7,8,1,7,4
qqq,129481.jpg,6,1,9,6,2
waterso,ghes_107_6_8.png,2,5,7,3,1
qqq,171518.jpg,2,1,2,5,3
waterso,nba_players_363.png,8,9,7,5,10
qqq,126030.jpg,3,3,8,5,5
qqq,136831.jpg,10,4,1,1,2
waterso,nctucs_62.png,9,2,5,1,2
qqq,188127.jpg,6,3,2,1,2
qqq,169551.jpg,5,3,8,3,2
waterso,nba_players_95.png,9,5,10,2,5
qqq,nctucs_45.png,6,3,9,7,3
qqq,123984.jpg,3,3,9,7,2
qqq,175422.jpg,6,3,7,1,2
qqq,nba_players_542.png,6,9,2,10,7
qqq,aov_3.png,4,1,7,5,2
waterso,nctucs_73.png,4,3,9,6,2
qqq,147539.jpg,7,6,1,3,3
waterso,039000.jpg,9,5,8,2,5
qqq,007653.jpg,5,2,6,4,2
waterso,094999.jpg,7,9,3,1,6
qqq,128849.jpg,7,3,9,8,3
qqq,nba_players_297.png,6,3,3,6,3
waterso,nba_players_174.png,2,2,6,6,3
qqq,legislator_30.png,4,5,3,2,5
qqq,043532.jpg,6,3,9,5,6
qqq,083870.jpg,9,6,1,5,8
waterso,058176.jpg,3,2,7,8,9
qqq,legislator_50.png,6,4,1,3,2
qqq,059804.jpg,5,3,7,3,8
waterso,190954.jpg,8,2,8,3,9
qqq,nba_players_361.png,5,7,3,2,5
qqq,nba_players_322.png,9,6,3,6,7
qqq,nctucs_120.png,0,0,0,0,0
qqq,151683.jpg,2,4,7,7,3
qqq,129051.jpg,6,6,1,5,8
qqq,nctucs_47.png,6,2,7,3,2
waterso,130246.jpg,4,8,7,4,3
waterso,aov_75.png,2,10,1,2,8
waterso,020060.jpg,2,3,5,2,7
waterso,072620.jpg,7,3,4,7,9
waterso,legislator_77.png,5,2,3,2,3
waterso,141065.jpg,4,2,4,2,7
waterso,nba_players_243.png,7,3,2,9,8
waterso,186324.jpg,2,3,8,2,8
waterso,066677.jpg,1,2,4,3,5
waterso,councilors_5.png,5,4,1,2,5
waterso,136284.jpg,5,2,6,6,8
waterso,nba_players_181.png,9,2,2,6,3
waterso,172778.jpg,5,2,3,5,6
waterso,councilors_57.png,8,2,1,2,2
waterso,015045.jpg,7,1,4,2,7
waterso,042700.jpg,6,1,6,1,8
waterso,157127.jpg,6,3,3,4,7
waterso,065345.jpg,7,6,2,8,6
waterso,077794.jpg,4,1,8,3,8
waterso,197092.jpg,8,3,2,2,2
waterso,nctucs_41.png,8,5,2,2,2
waterso,060708.jpg,6,1,6,2,7
waterso,067661.jpg,8,1,7,5,7
waterso,nba_players_96.png,10,4,2,2,6
waterso,nba_players_84.png,5,4,1,2,6
waterso,037289.jpg,7,6,2,3,2
waterso,024289.jpg,7,1,4,4,1
waterso,194671.jpg,5,1,5,2,7
waterso,035270.jpg,8,4,2,2,3
waterso,046190.jpg,6,2,3,6,4
waterso,nctucs_81.png,3,4,2,3,3
waterso,nba_players_565.png,7,9,2,4,6
waterso,nctucs_118.png,4,2,1,3,2
waterso,nctucs_0.png,5,2,2,7,6
waterso,nctucs_102.png,8,4,3,3,5
liao,118377.jpg,4,2,5,2,1
liao,052164.jpg,5,5,1,1,3
liao,148679.jpg,4,6,1,4,7
liao,082673.jpg,3,2,6,1,4
liao,legislator_30.png,6,2,1,1,2
liao,018307.jpg,3,2,1,3,4
liao,030385.jpg,5,4,1,3,6
liao,169627.jpg,5,4,3,2,2
liao,029279.jpg,4,2,5,3,3
liao,nba_players_324.png,3,4,1,0,1
liao,064698.jpg,4,6,4,3,7
liao,nba_players_287.png,8,7,2,4,6
liao,089100.jpg,5,3,1,2,6
liao,136041.jpg,8,4,1,3,7
liao,legislator_43.png,8,6,3,1,9
liao,nba_players_531.png,5,3,1,4,3
liao,003201.jpg,3,6,3,3,2
liao,068473.jpg,4,4,6,4,3
liao,nctucs_16.png,4,5,2,3,1
liao,nba_players_190.png,8,6,1,3,6
liao,101425.jpg,2,5,6,3,2
liao,011220.jpg,6,1,8,3,2
liao,ghes_108_6_20.png,5,2,2,2,2
liao,090192.jpg,4,5,3,3,3
liao,108991.jpg,5,5,1,4,4
liao,108991.jpg,0,0,0,0,0
liao,136473.jpg,6,4,4,3,3
liao,047551.jpg,7,5,2,3,6
liao,nba_players_241.png,6,6,1,1,4
liao,115265.jpg,3,2,8,2,3
liao,007362.jpg,6,4,4,3,3
liao,038886.jpg,4,1,7,4,1
liao,184682.jpg,3,1,10,7,2
shih,142839.jpg,3,3,5,8,10
liao,018598.jpg,4,3,1,2,4
shih,123_456.jpg,4,4,6,5,3
liao,nba_players_45.png,7,5,2,3,4
liao,nba_players_337.png,5,5,1,5,5
shih,132186.jpg,1,1,10,1,10
liao,055696.jpg,2,4,5,4,1
liao,nba_players_282.png,6,6,1,4,7
liao,191791.jpg,10,7,1,1,10
shih,nba_players_550.png,4,5,4,8,8
liao,nba_players_195.png,4,6,1,7,2
shih,nba_players_175.png,7,7,2,6,4
liao,100971.jpg,6,2,1,3,4
liao,nba_players_202.png,7,3,1,2,6
liao,058727.jpg,3,4,10,6,6
shih,nba_players_420.png,7,8,2,6,6
liao,nba_players_200.png,5,6,4,5,3
shih,114639.jpg,5,3,8,8,7
shih,135134.jpg,7,5,10,1,4
shih,nba_players_244.png,9,3,7,5,8
liao,nba_players_5.png,6,4,2,4,5
shih,nba_players_132.png,5,4,7,2,1
liao,nctucs_59.png,5,6,2,3,3
liao,123427.jpg,3,3,10,2,1
liao,aov_17.png,4,4,4,3,2
shih,110941.jpg,8,2,10,3,6
liao,093031.jpg,6,4,3,1,2
shih,095790.jpg,4,2,6,4,8
liao,aov_53.png,9,6,5,1,7
liao,108659.jpg,6,8,5,2,7
shih,102613.jpg,5,4,10,7,6
liao,nba_players_494.png,5,6,2,2,2
liao,060509.jpg,8,2,4,2,5
shih,190677.jpg,4,3,9,10,5
liao,069024.jpg,8,6,6,2,6
liao,135862.jpg,4,6,4,7,2
shih,085573.jpg,7,2,6,6,2
liao,201388.jpg,3,3,8,3,1
shih,181862.jpg,6,4,6,7,4
liao,nba_players_392.png,6,4,1,4,5
liao,033606.jpg,6,3,6,3,3
shih,190532.jpg,8,8,5,8,2
liao,nba_players_413.png,4,4,1,4,2
shih,nba_players_347.png,6,4,2,8,6
shih,053796.jpg,9,5,9,8,7
shih,aov_26.png,10,3,10,8,5
liao,063523.jpg,7,3,1,1,5
liao,083277.jpg,4,2,2,3,1
shih,nba_players_217.png,7,6,3,5,4
liao,074819.jpg,3,3,1,3,1
liao,009133.jpg,3,1,3,1,2
liao,015746.jpg,4,4,7,4,8
shih,019723.jpg,4,4,6,5,5
liao,066427.jpg,8,5,2,1,6
liao,nba_players_508.png,5,2,2,1,2
shih,123834.jpg,4,2,5,4,3
liao,nba_players_47.png,4,4,4,4,1
liao,councilors_59.png,2,1,6,2,1
shih,067457.jpg,8,4,8,4,3
liao,156367.jpg,6,5,3,3,5
liao,legislator_97.png,3,4,4,2,2
shih,164349.jpg,9,2,8,4,8
liao,nba_players_434.png,5,5,1,5,5
liao,councilors_10.png,7,5,1,1,3
liao,066538.jpg,2,3,5,3,3
liao,nba_players_455.png,5,4,4,5,4
shih,083921.jpg,5,1,6,1,10
liao,aov_91.png,4,6,6,5,3
liao,196933.jpg,7,4,2,1,2
shih,nba_players_78.png,5,6,2,8,5
liao,130853.jpg,6,3,3,2,1
liao,048787.jpg,8,4,1,1,8
liao,nba_players_276.png,4,5,1,4,1
shih,061431.jpg,4,4,7,6,3
liao,nba_players_157.png,5,5,3,5,4
liao,120569.jpg,2,2,4,3,1
liao,018345.jpg,5,2,7,2,1
liao,034991.jpg,7,1,3,1,3
shih,037050.jpg,8,4,9,4,5
liao,009183.jpg,3,2,4,3,1
liao,nba_players_368.png,4,3,1,7,1
liao,142163.jpg,7,4,5,3,2
shih,nba_players_464.png,7,7,4,6,5
shih,054033.jpg,4,2,5,3,3
shih,nctucs_17.png,8,4,10,3,7
shih,nba_players_19.png,5,5,7,7,4
shih,088888.jpg,3,2,8,6,7
shih,legislator_96.png,6,4,4,3,8
shih,councilors_54.png,7,3,8,5,8
shih,nba_players_142.png,7,4,8,7,4
shih,134948.jpg,7,4,8,3,6
shih,122306.jpg,6,4,8,5,6
shih,083870.jpg,7,6,2,7,4
shih,nba_players_435.png,7,6,3,8,2
shih,nba_players_328.png,9,6,8,2,7
shih,nctucs_51.png,7,4,7,3,8
shih,nba_players_60.png,5,6,8,7,3
shih,089934.jpg,7,4,9,2,3
shih,legislator_9.png,8,3,4,4,6
shih,033376.jpg,8,7,5,8,6
shih,156973.jpg,8,4,8,6,5
shih,nba_players_61.png,7,7,5,6,4
shih,nba_players_281.png,8,8,1,6,4
shih,aov_18.png,9,6,8,7,5
Tj,159833.jpg,4,3,10,8,5
Tj,085647.jpg,4,4,10,8,4
Tj,103217.jpg,7,8,5,6,7
Tj,nba_players_285.png,9,9,3,9,8
Tj,017958.jpg,8,5,9,7,3
Tj,nctucs_2.png,9,5,6,7,6
liao,nba_players_535.png,4,5,1,7,2
liao,132186.jpg,1,2,5,1,1
liao,098679.jpg,2,3,5,6,2
liao,001309.jpg,7,3,2,2,4
liao,nba_players_59.png,6,2,3,1,2
liao,078274.jpg,4,3,6,2,5
liao,012719.jpg,6,4,4,2,5
liao,nba_players_198.png,5,5,3,2,8
liao,098554.jpg,3,5,2,3,3
liao,150639.jpg,6,3,3,1,5
liao,122306.jpg,4,2,9,3,6
liao,nba_players_537.png,6,5,1,3,5
liao,002810.jpg,6,3,2,1,6
liao,aov_80.png,3,6,2,5,2
liao,nctucs_12.png,8,4,1,1,4
liao,legislator_91.png,6,3,3,1,5
liao,032621.jpg,4,3,5,3,4
liao,046739.jpg,5,3,1,3,2
liao,010576.jpg,3,4,3,3,4
liao,184458.jpg,6,3,3,1,3
liao,126030.jpg,4,3,5,4,2
liao,nba_players_12.png,5,4,3,4,4
liao,102229.jpg,4,3,9,3,4
liao,152256.jpg,5,2,2,2,4
liao,nba_players_139.png,5,6,1,4,6
liao,councilors_54.png,4,3,2,3,4
liao,029471.jpg,8,5,6,2,6
liao,councilors_36.png,4,3,1,4,1
liao,ghes_107_6_2.png,1,1,1,1,1
liao,110111.jpg,5,4,5,4,3
liao,legislator_1.png,8,3,2,2,4
liao,082375.jpg,3,2,4,1,1
liao,076798.jpg,5,2,2,1,3
liao,councilors_13.png,6,2,1,2,4
liao,legislator_33.png,5,2,1,1,2
liao,nba_players_290.png,5,3,2,5,2
liao,178477.jpg,3,1,6,2,3
liao,legislator_94.png,3,2,4,1,2
liao,nba_players_170.png,3,3,1,3,5
liao,aov_8.png,2,5,5,6,1
liao,172319.jpg,8,7,2,1,9
liao,191384.jpg,3,1,6,1,3
liao,177985.jpg,2,5,2,3,2
liao,153229.jpg,4,3,3,2,5
liao,aov_34.png,10,8,2,1,4
liao,147384.jpg,7,5,5,1,6
liao,037925.jpg,8,6,2,1,4
liao,172423.jpg,4,3,2,1,4
liao,nba_players_486.png,6,4,4,5,3
liao,nctucs_121.png,4,3,3,1,2
liao,nba_players_13.png,4,2,2,4,1
liao,174678.jpg,3,2,7,2,1
liao,nba_players_338.png,5,5,2,3,4
liao,056915.jpg,5,2,6,3,6
liao,nba_players_450.png,5,5,3,5,4
liao,nba_players_367.png,5,5,1,5,5
liao,090193.jpg,7,6,4,1,3
liao,nba_players_264.png,5,7,1,5,2
liao,090781.jpg,6,4,1,3,2
liao,047675.jpg,4,5,1,4,3
liao,064321.jpg,6,5,6,1,5
liao,legislator_31.png,3,3,2,1,3
liao,nctucs_5.png,9,3,1,1,5
liao,004139.jpg,3,1,3,3,2
liao,136831.jpg,6,2,2,2,5
liao,104255.jpg,4,3,3,2,4
liao,164284.jpg,5,3,4,3,4
liao,077502.jpg,4,4,1,2,3
liao,158650.jpg,3,1,2,3,1
liao,197641.jpg,3,4,1,5,2
liao,nba_players_376.png,5,6,1,4,2
liao,015045.jpg,3,1,7,1,1
liao,nctucs_113.png,6,5,1,1,3
liao,080530.jpg,3,3,1,3,3
liao,126163.jpg,6,3,3,2,4
liao,137982.jpg,4,2,6,2,3
liao,nba_players_26.png,9,4,1,1,6
liao,070262.jpg,3,4,2,2,3
liao,071691.jpg,3,4,2,3,3
liao,183799.jpg,3,3,3,2,3
liao,nba_players_501.png,5,5,1,5,2
liao,193728.jpg,2,1,5,2,1
liao,056668.jpg,2,2,3,2,4
liao,aov_52.png,7,9,1,3,5
liao,councilors_11.png,7,5,2,3,6
liao,070045.jpg,3,2,5,3,2
liao,nba_players_348.png,5,5,1,3,4
liao,147539.jpg,5,2,2,1,4
liao,005402.jpg,4,2,2,1,1
liao,012482.jpg,2,2,5,3,2
liao,096938.jpg,8,3,3,2,5
liao,nba_players_462.png,4,5,1,3,5
liao,nba_players_85.png,8,6,1,3,6
liao,145599.jpg,3,3,4,2,1
liao,aov_47.png,2,6,2,9,2
liao,156416.jpg,3,3,2,1,2
liao,nba_players_14.png,3,3,2,5,4
liao,nba_players_39.png,6,4,2,4,2
liao,aov_70.png,2,3,3,2,2
liao,nba_players_315.png,9,8,1,2,8
liao,033451.jpg,4,3,2,1,3
liao,022037.jpg,4,3,2,1,3
liao,167579.jpg,3,2,5,2,3
liao,181862.jpg,6,2,2,3,4
liao,nba_players_440.png,5,4,3,5,2
liao,193907.jpg,5,3,2,3,3
liao,187385.jpg,3,1,1,2,2
liao,nba_players_504.png,5,7,1,6,3
liao,nba_players_421.png,5,5,1,5,2
liao,130582.jpg,6,2,1,1,4
liao,046388.jpg,3,2,5,2,1
liao,nba_players_426.png,4,5,3,4,4
liao,nctucs_19.png,5,2,3,1,3
liao,nba_players_358.png,3,6,1,6,2
liao,051823.jpg,3,3,3,1,3
liao,066677.jpg,1,1,2,2,1
liao,aov_41.png,2,4,1,6,1
liao,aov_74.png,2,7,5,3,1
liao,021934.jpg,3,1,1,1,3
liao,137183.jpg,3,1,1,1,2
liao,127449.jpg,5,4,1,3,1
liao,nba_players_545.png,3,4,1,5,2
liao,040742.jpg,2,2,5,2,2
liao,160622.jpg,2,2,2,3,1
liao,nba_players_248.png,3,1,1,3,2
liao,nba_players_191.png,5,4,1,3,3
liao,095282.jpg,6,3,2,1,3
liao,053544.jpg,3,1,6,3,2
liao,093891.jpg,4,3,4,2,3
liao,legislator_19.png,3,1,1,2,2
liao,089151.jpg,5,2,2,1,2
liao,085647.jpg,4,2,1,1,2
liao,nba_players_177.png,5,5,4,3,3
liao,nba_players_441.png,5,5,2,3,4
liao,194067.jpg,3,1,3,1,1
liao,aov_10.png,3,5,2,3,2
liao,nctucs_100.png,5,2,1,1,3
liao,146857.jpg,3,3,1,1,3
liao,114639.jpg,4,3,4,1,2
liao,nba_players_378.png,5,3,2,3,6
liao,aov_86.png,2,2,2,3,1
liao,aov_61.png,3,4,2,4,1
liao,173477.jpg,5,2,4,1,2
liao,038199.jpg,4,2,7,3,3
liao,nba_players_452.png,5,5,1,4,5
liao,151784.jpg,2,2,1,1,2
liao,legislator_74.png,3,2,1,2,3
liao,021311.jpg,5,5,2,2,3
liao,042700.jpg,3,2,6,2,1
liao,nba_players_206.png,3,4,3,1,2
liao,023936.jpg,7,4,10,2,6
liao,012274.jpg,6,1,1,1,2
liao,nba_players_446.png,5,5,2,2,3
liao,156904.jpg,4,2,7,2,2
liao,201502.jpg,5,4,1,2,3
liao,nba_players_365.png,5,6,2,5,5
liao,095509.jpg,5,4,1,2,3
liao,nba_players_115.png,2,1,3,1,2
liao,nba_players_428.png,3,5,3,6,2
liao,140019.jpg,5,2,1,2,2
liao,nctucs_1.png,5,3,1,2,3
liao,032719.jpg,9,4,3,2,5
liao,042898.jpg,4,5,3,3,1
liao,176079.jpg,6,3,3,1,4
liao,nba_players_432.png,3,6,1,3,3
liao,legislator_110.png,3,1,1,2,1
liao,legislator_48.png,2,3,3,3,3
liao,030153.jpg,5,6,1,3,5
liao,nba_players_166.png,8,7,2,3,3
liao,183654.jpg,5,5,1,3,3
liao,195619.jpg,3,4,2,2,3
liao,nba_players_165.png,5,3,3,1,3
liao,090534.jpg,4,2,1,2,1
liao,145205.jpg,2,2,1,2,3
liao,053035.jpg,2,2,3,2,2
liao,nba_players_126.png,6,6,1,5,4
liao,nctucs_70.png,5,5,1,3,2
liao,nba_players_351.png,5,4,2,3,3
liao,025994.jpg,6,4,4,2,3
liao,091061.jpg,6,2,5,2,2
liao,045083.jpg,4,3,1,2,1
liao,032808.jpg,3,3,2,2,1
shih,nba_players_350.png,5,6,2,8,4
shih,nba_players_125.png,8,5,2,9,5
shih,legislator_47.png,4,2,2,2,2
shih,nba_players_385.png,6,7,3,7,6
shih,nba_players_481.png,7,6,3,7,5
shih,168611.jpg,7,6,6,6,4
shih,councilors_57.png,6,4,2,5,5
shih,nba_players_224.png,7,3,5,6,3
shih,071484.jpg,6,3,7,3,4
shih,003201.jpg,5,3,7,4,4
shih,052164.jpg,4,4,4,3,2
shih,nba_players_81.png,6,5,6,5,5
shih,133337.jpg,6,3,6,3,5
shih,ghes_107_6_3.png,2,3,5,3,6
shih,aov_63.png,9,6,9,7,5
shih,councilors_26.png,5,4,4,5,5
shih,163626.jpg,5,4,8,3,6
shih,140905.jpg,8,4,8,5,5
shih,nba_players_509.png,8,8,6,6,5
shih,nctucs_33.png,8,3,6,2,8
shih,nba_players_67.png,9,8,3,7,3
shih,062388.jpg,7,4,8,6,7
shih,nba_players_541.png,5,5,5,6,4
shih,201457.jpg,7,4,5,4,6
qqq,122307.jpg,8,6,1,5,6
shih,nctucs_81.png,7,3,5,4,6
shih,188667.jpg,8,8,5,7,4
shih,152669.jpg,8,6,3,8,2
shih,029366.jpg,8,7,5,6,4
shih,070199.jpg,6,5,4,4,7
shih,173928.jpg,4,3,7,8,7
shih,177663.jpg,5,4,6,5,6
shih,032566.jpg,7,6,5,5,4
shih,aov_25.png,3,4,9,8,6
shih,076099.jpg,2,2,8,1,6
shih,nctucs_8.png,4,3,9,1,8
shih,ghes_108_6_1.png,4,2,7,6,7
shih,169438.jpg,8,4,8,6,4
shih,184458.jpg,4,4,6,3,7
shih,ghes_108_6_14.png,3,3,7,5,7
shih,010706.jpg,4,3,7,4,4
shih,nba_players_326.png,7,6,4,6,5
shih,118189.jpg,5,2,6,4,6
shih,nctucs_55.png,5,3,8,2,7
shih,nba_players_306.png,7,6,5,6,3
shih,nba_players_248.png,8,7,2,7,3
shih,002776.jpg,5,2,6,4,6
shih,201131.jpg,4,3,7,5,5
shih,172423.jpg,2,2,10,1,6
shih,legislator_34.png,7,2,4,4,2
shih,200325.jpg,6,5,8,3,5
shih,nba_players_83.png,8,7,4,7,5
shih,024727.jpg,3,2,8,4,5
shih,194301.jpg,4,3,7,4,6
shih,194301.jpg,5,4,7,4,4
qqq,060421.jpg,5,1,7,5,3
qqq,185711.jpg,8,4,3,3,3
qqq,nba_players_320.png,7,7,4,4,7
qqq,legislator_46.png,6,4,3,3,4
qqq,140251.jpg,6,9,2,7,5
qqq,015746.jpg,9,1,9,5,7
qqq,nba_players_401.png,9,6,1,7,3
qqq,nctucs_30.png,7,3,6,6,7
qqq,nba_players_369.png,7,8,2,5,3
qqq,005321.jpg,2,1,10,7,10
qqq,032719.jpg,9,9,1,4,8
qqq,legislator_62.png,4,8,5,7,1
qqq,nctucs_106.png,0,0,0,0,0
qqq,nba_players_486.png,9,8,1,2,4
qqq,138161.jpg,3,3,1,2,5
qqq,nctucs_78.png,4,5,1,3,2
qqq,legislator_112.png,8,5,1,2,1
qqq,130535.jpg,3,2,8,7,7
qqq,aov_15.png,3,1,8,6,4
qqq,185026.jpg,5,8,2,6,5
qqq,nba_players_14.png,7,6,2,6,4
qqq,nba_players_20.png,7,8,2,4,6
kevin,nba_players_437.png,6,4,4,8,7
kevin,nba_players_483.png,2,5,5,4,3
waterso,nba_players_537.png,4,3,2,2,5
waterso,nba_players_92.png,7,7,3,5,2
waterso,143246.jpg,2,6,3,8,6
waterso,167471.jpg,8,1,8,2,7
qqq,002097.jpg,6,1,5,4,3
qqq,051099.jpg,8,6,1,3,7
waterso,132186.jpg,7,1,2,1,8
qqq,councilors_40.png,5,2,1,4,2
waterso,councilors_16.png,6,3,7,2,6
qqq,159857.jpg,6,1,6,5,7
qqq,000702.jpg,3,2,8,6,6
waterso,legislator_8.png,8,7,2,4,2
qqq,nba_players_98.png,7,8,1,6,3
qqq,nba_players_192.png,6,8,1,6,5
qqq,nba_players_263.png,9,10,1,7,9
qqq,aov_96.png,6,5,3,7,3
qqq,nctucs_8.png,6,7,2,1,6
qqq,041247.jpg,8,1,9,2,6
qqq,114950.jpg,6,1,6,5,3
qqq,nba_players_176.png,6,7,2,8,8
qqq,083277.jpg,6,2,6,7,5
qqq,107565.jpg,6,5,1,3,5
qqq,186519.jpg,7,5,5,2,6
qqq,008321.jpg,2,2,8,7,3
qqq,131560.jpg,4,4,1,3,2
qqq,ghes_108_6_2.png,3,6,2,5,7
qqq,nba_players_427.png,5,3,1,3,3
qqq,066933.jpg,5,2,8,8,6
qqq,093154.jpg,7,5,1,1,2
qqq,081644.jpg,7,6,1,4,4
qqq,063723.jpg,5,1,8,5,5
shih,aov_27.png,6,5,7,5,6
shih,105503.jpg,4,2,8,5,6
shih,043987.jpg,6,5,5,4,6
shih,037790.jpg,7,7,6,5,5
shih,nba_players_376.png,6,5,4,7,5
shih,nctucs_3.png,6,3,8,3,5
shih,100116.jpg,5,2,6,4,5
shih,legislator_23.png,4,5,7,3,4
shih,nctucs_79.png,5,3,6,2,7
shih,aov_62.png,5,4,10,9,7
shih,039000.jpg,8,2,8,2,6
shih,legislator_66.png,4,3,8,2,7
shih,112882.jpg,7,4,9,3,5
shih,047380.jpg,6,8,2,7,4
shih,074170.jpg,6,2,8,4,6
shih,nba_players_138.png,6,7,3,7,6
shih,nba_players_111.png,7,6,2,7,4
shih,120569.jpg,3,2,8,1,7
shih,128291.jpg,5,4,7,5,2
shih,nba_players_548.png,7,7,2,8,4
shih,024159.jpg,4,3,7,5,3
shih,109473.jpg,4,3,8,6,5
shih,nba_players_329.png,6,5,3,7,4
shih,081157.jpg,6,6,3,7,3
shih,048685.jpg,7,2,7,4,6
shih,100024.jpg,5,2,5,3,2
shih,072502.jpg,4,3,7,5,5
shih,nba_players_212.png,7,6,5,6,2
shih,106048.jpg,5,1,7,5,7
shih,097107.jpg,3,2,6,4,7
shih,120739.jpg,4,4,6,4,6
waterso,nctucs_82.png,7,1,2,2,5
waterso,nctucs_57.png,8,2,7,6,6
waterso,103698.jpg,7,2,4,7,2
waterso,003212.jpg,6,9,3,8,8
waterso,019427.jpg,8,2,7,7,7
waterso,005321.jpg,2,2,4,4,6
qqq,nba_players_42.png,6,7,1,5,7
qqq,160560.jpg,9,6,2,5,6
qqq,128085.jpg,4,3,8,6,7
waterso,aov_8.png,5,4,9,8,7
qqq,174060.jpg,6,4,1,3,1
qqq,057138.jpg,3,1,6,1,2
qqq,118189.jpg,4,1,3,3,6
qqq,074213.jpg,8,4,1,3,3
qqq,019098.jpg,4,1,7,6,2
waterso,024159.jpg,2,3,1,8,5
waterso,042898.jpg,8,7,4,4,8
qqq,183182.jpg,6,3,3,3,9
qqq,aov_91.png,4,9,1,8,8
waterso,legislator_54.png,9,4,4,2,6
qqq,095419.jpg,7,8,3,3,9
qqq,174222.jpg,5,4,8,4,5
waterso,163626.jpg,3,3,7,7,8
qqq,nba_players_570.png,6,5,2,3,2
waterso,102688.jpg,7,8,5,8,6
qqq,135862.jpg,4,4,1,6,7
qqq,122306.jpg,4,3,7,6,7
waterso,167361.jpg,8,5,7,2,6
qqq,163048.jpg,5,2,5,3,6
qqq,034492.jpg,5,1,5,3,3
qqq,nctucs_43.png,6,7,2,6,6
qqq,legislator_87.png,4,2,1,3,5
qqq,nba_players_396.png,7,7,1,5,6
qqq,099757.jpg,4,2,6,3,6
qqq,130853.jpg,3,3,5,2,3
waterso,nba_players_545.png,6,5,2,7,3
waterso,062365.jpg,8,3,4,2,5
qqq,ghes_108_6_23.png,4,3,4,5,2
qqq,137183.jpg,7,3,1,3,4
qqq,163304.jpg,6,2,1,4,5
waterso,nctucs_43.png,7,3,2,6,4
qqq,aov_57.png,6,6,1,7,4
qqq,legislator_100.png,4,3,2,4,1
qqq,legislator_40.png,7,8,1,4,8
qqq,aov_28.png,7,2,5,3,2
shih,136634.jpg,4,3,7,1,6
qqq,nba_players_324.png,6,7,2,7,5
qqq,016449.jpg,7,6,2,4,9
qqq,067994.jpg,3,2,7,5,6
qqq,nba_players_364.png,7,6,2,6,5
waterso,legislator_32.png,6,2,5,5,7
waterso,062662.jpg,7,3,4,3,8
qqq,132186.jpg,5,1,4,2,1
qqq,councilors_53.png,3,2,5,6,4
qqq,103506.jpg,9,7,4,3,5
waterso,179409.jpg,8,4,6,8,3
waterso,169642.jpg,6,2,3,2,7
qqq,043636.jpg,6,6,2,6,4
qqq,179745.jpg,5,3,10,5,6
qqq,nba_players_311.png,7,6,1,3,3
waterso,071569.jpg,2,1,4,3,2
qqq,055622.jpg,6,2,4,5,3
qqq,nba_players_30.png,6,4,2,6,3
qqq,188693.jpg,3,2,6,5,7
waterso,063585.jpg,8,1,3,1,3
qqq,aov_27.png,7,6,1,4,3
qqq,063897.jpg,4,4,1,6,1
waterso,064321.jpg,6,1,2,7,3
qqq,089762.jpg,3,2,7,3,5
liao,aov_98.png,3,3,5,6,2
liao,149029.jpg,4,3,1,2,2
liao,015564.jpg,5,5,2,3,2
liao,councilors_34.png,4,3,1,2,2
liao,019768.jpg,5,7,1,6,5
waterso,078875.jpg,5,2,6,5,8
waterso,156310.jpg,8,4,6,5,2
waterso,003494.jpg,7,4,4,6,2
waterso,140515.jpg,8,2,7,4,7
waterso,191791.jpg,7,2,3,1,4
waterso,nba_players_391.png,7,5,2,8,7
waterso,127449.jpg,7,6,4,7,7
waterso,196503.jpg,4,3,7,7,9
waterso,077781.jpg,7,2,4,7,7
waterso,ghes_107_6_11.png,3,2,4,8,3
waterso,016098.jpg,6,3,1,4,7
7%E9%9A%BB2,121136.jpg,6,4,8,7,5
7%E9%9A%BB2,ghes_108_6_17.png,4,10,0,3,10
7%E9%9A%BB2,aov_67.png,7,7,3,7,5
7%E9%9A%BB2,021934.jpg,7,5,10,7,4
7%E9%9A%BB2,nba_players_90.png,10,10,0,10,4
liao,017669.jpg,3,2,3,1,2
7%E9%9A%BB2,051701.jpg,3,5,4,6,10
7%E9%9A%BB2,048484.jpg,4,4,5,7,2
liao,nba_players_108.png,5,5,1,5,2
liao,nba_players_399.png,4,6,1,3,3
7%E9%9A%BB2,016780.jpg,8,7,4,10,6
7%E9%9A%BB2,councilors_13.png,0,10,10,0,0
liao,163304.jpg,5,4,1,3,4
7%E9%9A%BB2,nba_players_110.png,9,9,0,10,4
liao,057784.jpg,3,2,4,3,2
liao,021783.jpg,4,2,6,2,2
liao,141107.jpg,4,2,3,3,4
7%E9%9A%BB2,123984.jpg,4,4,9,6,2
liao,175618.jpg,3,5,3,5,2
7%E9%9A%BB2,175033.jpg,6,6,6,5,10
7%E9%9A%BB2,121130.jpg,0,0,0,10,0
liao,183157.jpg,6,2,1,2,4
7%E9%9A%BB2,074213.jpg,10,10,10,0,0
7%E9%9A%BB2,nba_players_435.png,9,7,0,10,0
7%E9%9A%BB2,117433.jpg,8,6,5,7,3
7%E9%9A%BB2,legislator_64.png,10,0,10,10,10
liao,ghes_108_6_4.png,3,2,1,1,2
liao,nba_players_42.png,3,7,1,6,2
liao,114619.jpg,3,4,1,4,2
liao,ghes_107_6_13.png,3,1,1,1,1
liao,nba_players_407.png,4,6,1,5,3
liao,004649.jpg,4,1,1,1,3
liao,aov_21.png,6,6,3,4,6
liao,013475.jpg,5,2,3,2,1
liao,042612.jpg,6,3,5,2,1
liao,nctucs_73.png,3,2,1,3,1
waterso,050803.jpg,7,1,4,3,6
waterso,188282.jpg,6,2,6,3,7
waterso,021376.jpg,7,2,7,3,7
waterso,197636.jpg,8,2,2,1,4
waterso,nba_players_459.png,8,8,2,6,8
waterso,112889.jpg,6,1,3,3,4
waterso,nba_players_562.png,6,6,4,7,6
waterso,nba_players_527.png,8,5,2,3,7
shih,018345.jpg,4,3,6,5,6
shih,093401.jpg,3,2,8,3,4
shih,130246.jpg,8,7,4,8,5
shih,nba_players_317.png,9,9,2,6,6
waterso,147384.jpg,6,1,4,2,6
shih,099106.jpg,7,6,3,8,3
shih,067328.jpg,7,7,3,9,4
waterso,nba_players_474.png,6,7,3,5,3
shih,053035.jpg,7,4,6,4,6
waterso,nba_players_202.png,8,8,3,3,7
shih,053544.jpg,4,1,8,5,2
waterso,033104.jpg,8,1,4,3,5
shih,nba_players_159.png,8,6,4,7,4
shih,nba_players_325.png,8,7,4,7,6
waterso,nba_players_370.png,8,8,3,3,6
shih,088128.jpg,4,4,9,3,6
waterso,nba_players_48.png,7,8,2,5,7
shih,062712.jpg,9,8,3,9,2
shih,062712.jpg,9,8,2,9,2
shih,legislator_76.png,4,3,8,2,4
shih,057784.jpg,7,4,8,7,4
shih,ghes_107_6_7.png,3,2,7,8,3
shih,aov_76.png,8,7,9,6,5
shih,nba_players_256.png,8,4,3,8,6
shih,141065.jpg,3,3,5,4,5
shih,nba_players_287.png,7,7,4,7,6
shih,nba_players_490.png,7,5,4,9,4
shih,196025.jpg,7,5,6,7,5
shih,089477.jpg,8,3,10,7,5
shih,nba_players_478.png,9,8,2,8,3
shih,016659.jpg,7,7,3,5,2
shih,nba_players_498.png,8,7,3,7,3
shih,nba_players_343.png,7,6,4,9,3
shih,councilors_53.png,4,4,4,4,3
shih,nba_players_523.png,7,7,5,7,4
shih,nba_players_156.png,7,7,4,6,3
shih,171767.jpg,5,2,6,1,6
qqq,nba_players_154.png,5,6,2,5,3
qqq,nctucs_117.png,0,0,0,0,0
qqq,nba_players_226.png,9,6,1,2,2
shih,065714.jpg,7,6,4,6,4
shih,118262.jpg,4,2,6,4,6
shih,nba_players_534.png,8,9,1,6,5
shih,155620.jpg,4,3,8,5,3
shih,councilors_21.png,4,2,6,2,3
shih,legislator_56.png,5,5,3,4,4
shih,nba_players_386.png,7,6,4,7,4
shih,015331.jpg,4,3,7,4,8
qqq,000417.jpg,6,2,1,4,1
qqq,017669.jpg,4,1,6,5,1
shih,062662.jpg,5,3,3,3,1
shih,nba_players_179.png,7,5,5,6,4
qqq,172778.jpg,6,1,2,5,4
shih,191384.jpg,4,2,6,5,6
qqq,legislator_42.png,6,1,3,3,2
shih,nba_players_351.png,7,8,3,6,4
qqq,172179.jpg,7,1,4,2,2
qqq,078875.jpg,3,1,6,7,5
shih,nba_players_474.png,8,6,7,6,5
qqq,030975.jpg,4,2,7,5,3
shih,nba_players_552.png,6,5,6,8,4
qqq,141482.jpg,9,4,1,3,5
shih,110978.jpg,5,4,7,5,7
qqq,037925.jpg,7,3,1,3,8
shih,aov_83.png,7,2,8,7,6
qqq,legislator_102.png,3,1,2,4,3
qqq,nba_players_188.png,8,5,1,4,6
shih,172375.jpg,4,1,4,4,3
qqq,nba_players_27.png,6,5,2,3,2
shih,nba_players_520.png,8,6,4,4,4
qqq,nba_players_525.png,6,4,1,2,2
qqq,005586.jpg,2,2,1,3,3
shih,114345.jpg,7,3,8,2,6
qqq,aov_100.png,6,1,2,6,1
shih,169627.jpg,6,6,5,4,6
qqq,029471.jpg,8,1,1,2,1
qqq,nba_players_375.png,5,3,1,4,4
shih,043962.jpg,5,3,7,4,6
qqq,201277.jpg,5,6,1,5,5
shih,aov_10.png,9,9,3,9,5
qqq,143587.jpg,5,6,1,8,4
qqq,nba_players_422.png,9,3,1,1,4
shih,198909.jpg,3,3,5,4,4
qqq,064321.jpg,4,2,1,2,3
liao,032661.jpg,6,4,5,3,4
shih,nba_players_493.png,8,6,4,8,5
qqq,nba_players_442.png,7,5,2,3,3
qqq,nctucs_36.png,6,3,1,2,2
liao,153145.jpg,4,3,1,2,3
qqq,007558.jpg,6,7,2,6,5
shih,162213.jpg,4,2,4,4,3
liao,006411.jpg,6,3,1,2,5
shih,183799.jpg,4,2,3,4,3
qqq,nba_players_72.png,6,8,2,4,7
qqq,legislator_110.png,5,2,2,3,1
shih,aov_73.png,7,6,8,7,7
qqq,106917.jpg,2,1,7,6,3
shih,032661.jpg,8,9,4,5,5
qqq,nba_players_450.png,8,7,1,3,5
liao,103506.jpg,4,3,10,2,4
shih,nba_players_384.png,8,4,5,7,4
qqq,nba_players_441.png,6,5,1,3,1
qqq,nba_players_553.png,5,7,1,3,2
qqq,nba_players_439.png,6,4,1,6,1
qqq,nctucs_83.png,7,2,2,1,1
qqq,nba_players_482.png,0,0,0,0,0
qqq,nba_players_356.png,8,6,2,3,2
qqq,aov_55.png,6,7,1,3,2
liao,085573.jpg,4,3,4,3,3
qqq,172089.jpg,5,3,8,3,6
waterso,nba_players_480.png,0,0,0,0,0
qqq,080901.jpg,6,2,8,1,5
qqq,160622.jpg,3,1,6,7,2
shih,063523.jpg,4,3,5,4,3
qqq,nba_players_254.png,4,10,2,10,7
shih,nba_players_292.png,7,6,4,5,6
qqq,nba_players_44.png,4,2,7,6,3
qqq,115722.jpg,4,2,8,6,1
qqq,187858.jpg,2,3,1,1,2
waterso,085267.jpg,6,2,6,7,7
qqq,094887.jpg,4,3,1,2,1
liao,065456.jpg,4,3,5,2,3
shih,113002.jpg,4,1,6,4,5
liao,092967.jpg,4,3,3,1,2
shih,nba_players_434.png,7,6,2,9,4
liao,nba_players_134.png,4,3,1,2,3
shih,150020.jpg,7,4,6,4,4
qqq,nctucs_88.png,2,1,2,1,3
shih,030149.jpg,4,3,4,4,3
shih,073818.jpg,4,2,4,4,3
shih,065345.jpg,6,6,3,6,4
shih,nba_players_394.png,7,6,4,6,4
shih,nctucs_21.png,5,4,7,4,6
shih,nctucs_36.png,8,2,4,3,7
shih,nba_players_124.png,8,8,4,7,5
qqq,nba_players_355.png,7,2,3,6,3
qqq,066052.jpg,3,1,3,2,1
liao,nba_players_231.png,4,4,1,4,2
liao,nba_players_316.png,5,6,1,3,4
liao,059610.jpg,4,4,1,2,3
liao,197953.jpg,4,2,2,1,3
liao,062662.jpg,6,4,2,2,5
qqq,156367.jpg,3,1,2,3,7
qqq,168435.jpg,4,1,2,4,3
liao,aov_57.png,4,2,2,5,2
liao,nctucs_68.png,4,5,1,3,2
liao,042241.jpg,6,2,5,2,3
liao,036265.jpg,3,1,6,2,1
waterso,aov_28.png,10,4,8,4,8
liao,099552.jpg,6,4,1,3,1
liao,129044.jpg,4,3,1,3,4
liao,083978.jpg,4,3,1,2,3
liao,nba_players_361.png,5,7,1,6,2
liao,nba_players_253.png,6,4,1,4,2
liao,057095.jpg,1,2,5,4,1
liao,083870.jpg,4,4,1,2,3
liao,112882.jpg,5,2,2,2,4
liao,legislator_64.png,3,1,4,3,2
liao,007653.jpg,3,3,4,2,3
qqq,nba_players_190.png,6,2,1,5,3
qqq,nba_players_449.png,7,4,1,4,3
watetso,aov_36.png,2,1,8,7,6
watetso,034492.jpg,6,2,7,6,7
watetso,nba_players_77.png,8,8,3,7,4
shih,071130.jpg,4,3,5,4,2
shih,115178.jpg,8,8,2,6,4
shih,153055.jpg,5,3,3,4,2
shih,012719.jpg,4,2,2,3,2
watetso,116514.jpg,7,7,4,7,4
watetso,nba_players_7.png,8,5,2,4,6
watetso,councilors_26.png,7,8,4,3,6
watetso,nctucs_71.png,7,3,2,3,4
watetso,030395.jpg,5,2,3,6,2
watetso,nba_players_129.png,10,9,1,2,4
watetso,nba_players_350.png,6,5,3,8,6
watetso,nba_players_493.png,9,2,3,3,1
watetso,nctucs_117.png,0,0,0,0,0
watetso,legislator_110.png,4,4,3,2,2
watetso,legislator_36.png,8,2,5,2,2
watetso,110978.jpg,6,4,5,6,7
watetso,021311.jpg,8,3,3,5,7
waterso,150097.jpg,7,1,4,6,1
waterso,nctucs_8.png,6,6,2,1,4
waterso,nba_players_534.png,9,6,1,3,7
waterso,111195.jpg,4,2,6,7,3
waterso,153055.jpg,3,1,2,5,3
waterso,010076.jpg,8,7,2,5,3
waterso,102182.jpg,4,1,8,3,6
waterso,046607.jpg,9,5,4,7,4
waterso,nba_players_466.png,8,10,3,7,2
waterso,013711.jpg,8,8,2,4,5
waterso,nba_players_264.png,6,8,4,9,2
waterso,nba_players_118.png,9,8,3,7,3
waterso,020205.jpg,5,4,8,8,4
waterso,nba_players_478.png,10,9,2,9,2
waterso,nctucs_25.png,9,3,3,2,5
waterso,aov_19.png,4,10,5,5,4
waterso,legislator_113.png,7,2,3,3,6
waterso,187475.jpg,5,1,6,7,6
waterso,195729.jpg,6,2,3,4,3
waterso,nba_players_380.png,6,7,2,8,0
waterso,nba_players_380.png,0,0,0,0,5
waterso,025077.jpg,8,5,8,9,3
waterso,201388.jpg,7,1,7,8,6
waterso,nba_players_444.png,9,7,4,7,4
waterso,nctucs_107.png,7,3,2,1,3
waterso,legislator_25.png,6,1,3,6,7
waterso,106921.jpg,7,2,7,2,2
waterso,aov_39.png,5,8,6,7,7
waterso,052164.jpg,8,2,3,4,5
waterso,040052.jpg,7,1,2,7,6
waterso,193907.jpg,8,6,1,5,7
waterso,183182.jpg,8,2,3,1,8
waterso,nctucs_58.png,8,4,2,6,3
waterso,109436.jpg,8,2,3,6,6
waterso,legislator_15.png,5,4,1,2,2
waterso,legislator_15.png,0,0,0,0,0
waterso,169012.jpg,7,6,1,8,4
waterso,169438.jpg,6,1,4,6,5
waterso,nba_players_280.png,9,9,1,9,8
waterso,038199.jpg,8,4,2,4,4
waterso,nctucs_34.png,6,1,1,1,2
waterso,136487.jpg,9,4,1,0,3
waterso,legislator_1.png,8,4,2,3,2
waterso,nba_players_439.png,8,9,3,8,3
waterso,councilors_24.png,7,5,1,7,7
waterso,councilors_35.png,8,6,3,4,8
waterso,nba_players_431.png,8,7,2,9,2
waterso,nba_players_162.png,8,9,3,9,5
waterso,183812.jpg,6,8,2,8,7
waterso,nctucs_63.png,9,8,1,5,5
waterso,160622.jpg,7,2,5,6,3
waterso,152209.jpg,6,4,2,7,5
waterso,nctucs_75.png,7,2,1,1,5
waterso,123423.jpg,5,2,3,5,5
waterso,065159.jpg,8,5,4,3,6
waterso,nba_players_347.png,9,9,2,7,3
waterso,councilors_20.png,8,4,2,2,5
waterso,089204.jpg,8,6,3,5,7
waterso,190739.jpg,10,5,2,2,3
waterso,129448.jpg,7,5,2,5,3
waterso,nba_players_286.png,7,7,2,8,3
waterso,055485.jpg,5,2,8,7,2
waterso,152487.jpg,7,2,4,6,2
waterso,nba_players_206.png,7,8,3,8,2
waterso,016659.jpg,5,9,3,8,8
waterso,aov_10.png,5,8,3,6,8
waterso,125284.jpg,8,6,2,4,6
waterso,121350.jpg,2,4,9,6,5
waterso,legislator_51.png,7,2,2,4,5
waterso,122072.jpg,3,5,1,2,5
waterso,nba_players_552.png,7,6,2,8,4
waterso,077449.jpg,7,6,2,6,4
waterso,155620.jpg,6,3,5,6,3
waterso,151784.jpg,6,3,3,6,3
waterso,nba_players_397.png,8,5,2,4,5
waterso,nba_players_237.png,9,7,2,7,3
shih,083240.jpg,4,3,6,7,4
qqq,177724.jpg,6,5,1,2,4
shih,094189.jpg,4,3,5,2,5
waterso,aov_37.png,9,6,2,6,4
waterso,legislator_76.png,8,2,2,5,3
qqq,188596.jpg,8,2,9,3,9
waterso,037925.jpg,8,5,4,2,6
qqq,aov_68.png,6,1,7,4,3
waterso,aov_50.png,6,8,3,9,4
waterso,nctucs_113.png,5,3,1,4,4
waterso,nba_players_529.png,8,7,2,7,4
waterso,153229.jpg,7,3,5,3,5
qqq,192133.jpg,4,2,5,4,2
waterso,ghes_107_6_19.png,3,1,1,3,1
qqq,017958.jpg,4,2,1,6,6
qqq,013769.jpg,6,3,1,4,2
qqq,112889.jpg,8,2,3,3,6
waterso,123731.jpg,6,6,2,8,2
qqq,072185.jpg,6,2,7,4,3
qqq,055696.jpg,4,1,2,3,2
waterso,nba_players_274.png,7,5,1,6,2
qqq,ghes_108_6_11.png,1,2,1,3,2
waterso,022036.jpg,8,2,6,6,6
waterso,nctucs_49.png,6,3,1,5,2
qqq,158564.jpg,3,2,10,7,8
waterso,053544.jpg,8,2,7,8,1
qqq,aov_53.png,7,6,1,5,3
waterso,aov_53.png,8,3,3,2,5
qqq,nba_players_160.png,6,5,1,3,4
waterso,030117.jpg,8,5,2,2,7
qqq,nba_players_419.png,7,4,1,4,5
qqq,020021.jpg,4,2,2,4,3
waterso,nba_players_18.png,7,9,2,4,3
waterso,153789.jpg,6,3,3,3,6
qqq,nba_players_309.png,8,4,1,4,3
waterso,005547.jpg,8,1,3,1,6
qqq,197641.jpg,4,5,2,9,3
waterso,052070.jpg,5,1,2,3,2
qqq,007985.jpg,3,2,1,3,2
qqq,095375.jpg,3,4,1,6,2
qqq,138476.jpg,3,1,5,3,2
qqq,136688.jpg,4,1,7,4,5
qqq,118012.jpg,5,3,1,2,1
qqq,nba_players_130.png,6,8,2,6,7
qqq,020103.jpg,5,1,2,2,3
waterso,072163.jpg,5,2,2,2,4
qqq,174678.jpg,4,3,9,7,5
qqq,aov_20.png,4,1,8,8,3
qqq,nba_players_359.png,7,7,2,5,4
waterso,nba_players_282.png,8,4,2,6,2
shih,125229.jpg,3,2,4,4,3
waterso,nba_players_51.png,5,4,2,6,3
qqq,125076.jpg,5,8,2,8,6
shih,councilors_59.png,4,3,6,5,6
waterso,158015.jpg,3,1,1,3,2
shih,aov_15.png,8,7,10,8,5
waterso,nctucs_110.png,5,2,3,2,2
qqq,nba_players_182.png,9,8,2,5,3
qqq,ghes_107_6_6.png,3,2,3,3,1
waterso,ghes_108_6_11.png,5,1,2,7,2
shih,nctucs_6.png,4,2,7,3,6
qqq,201388.jpg,2,2,6,5,4
shih,aov_45.png,8,6,8,10,6
waterso,095099.jpg,6,2,4,1,6
waterso,nba_players_394.png,8,8,2,6,1
shih,098207.jpg,5,4,4,3,3
waterso,095463.jpg,3,1,3,3,2
shih,nba_players_53.png,7,6,5,6,5
waterso,081689.jpg,5,2,1,2,3
shih,aov_69.png,10,8,5,5,7
shih,161296.jpg,4,2,4,5,2
waterso,099031.jpg,6,6,3,2,4
shih,105887.jpg,3,3,6,4,2
shih,nba_players_59.png,6,7,4,6,5
qqq,aov_38.png,5,10,3,6,8
shih,023936.jpg,5,3,7,2,4
shih,121554.jpg,7,6,4,5,1
qqq,nba_players_314.png,8,7,2,7,5
shih,nba_players_144.png,8,8,4,7,3
waterso,158848.jpg,7,2,3,4,3
qqq,nba_players_222.png,6,6,2,5,4
waterso,nba_players_418.png,8,8,2,7,4
qqq,nba_players_409.png,5,7,2,5,4
shih,aov_88.png,6,7,8,8,7
qqq,193089.jpg,2,8,2,7,10
qqq,029481.jpg,10,10,1,3,10
shih,aov_9.png,9,8,5,10,7
qqq,nctucs_15.png,3,2,3,4,1
qqq,103698.jpg,3,2,6,4,3
shih,nba_players_41.png,7,6,2,9,5
qqq,nctucs_119.png,1,2,2,1,2
shih,nba_players_460.png,7,8,5,7,3
qqq,016098.jpg,2,1,1,3,1
shih,nba_players_118.png,8,7,3,5,3
qqq,130349.jpg,7,8,1,6,7
waterso,090534.jpg,7,4,6,3,0
qqq,005402.jpg,5,6,2,7,4
waterso,ghes_108_6_16.png,5,2,2,6,3
waterso,017669.jpg,8,3,4,5,2
qqq,nba_players_220.png,6,5,2,6,5
qqq,nctucs_112.png,0,0,0,0,0
waterso,nba_players_129.png,9,9,2,7,2
waterso,nba_players_481.png,7,6,1,6,2
qqq,146908.jpg,4,1,5,4,2
waterso,060386.jpg,8,2,3,6,2
waterso,033431.jpg,6,7,6,3,6
qqq,051065.jpg,6,1,5,3,3
waterso,nba_players_75.png,8,7,3,8,4
waterso,160560.jpg,3,2,4,2,2
waterso,111492.jpg,9,7,4,6,4
waterso,025118.jpg,6,2,6,5,4
waterso,nba_players_159.png,6,6,2,6,2
qqq,140437.jpg,5,2,4,4,1
waterso,188127.jpg,8,3,5,2,6
waterso,nba_players_16.png,6,5,2,6,3
qqq,legislator_77.png,3,3,1,4,1
waterso,nba_players_408.png,8,6,3,7,2
qqq,018598.jpg,6,5,1,4,6
waterso,aov_21.png,7,2,8,4,7
qqq,085267.jpg,2,1,8,5,4
qqq,055890.jpg,7,3,1,1,7
waterso,095419.jpg,8,3,2,2,5
qqq,095168.jpg,9,2,1,1,3
waterso,176079.jpg,6,2,6,5,5
waterso,165484.jpg,5,2,4,6,4
qqq,nba_players_354.png,8,6,1,5,4
waterso,158564.jpg,4,3,7,7,6
waterso,aov_47.png,7,1,9,7,5
qqq,nba_players_420.png,8,8,1,7,5
qqq,legislator_106.png,3,1,2,2,2
waterso,nba_players_258.png,7,6,3,6,4
qqq,095541.jpg,3,1,6,6,3
qqq,082665.jpg,6,5,1,3,4
waterso,021783.jpg,6,2,7,3,7
qqq,legislator_88.png,3,1,3,1,1
waterso,102229.jpg,3,2,7,4,6
qqq,070353.jpg,3,1,6,3,1
qqq,066234.jpg,2,1,4,2,3
waterso,169333.jpg,4,2,5,2,7
waterso,nba_players_126.png,7,8,2,7,3
waterso,030975.jpg,5,2,7,2,5
waterso,073547.jpg,4,1,2,2,3
qqq,178343.jpg,4,2,4,3,2
waterso,202131.jpg,8,6,4,2,8
waterso,114345.jpg,5,8,4,3,6
qqq,106103.jpg,4,2,5,2,3
qqq,nba_players_89.png,8,6,1,5,7
qqq,153789.jpg,5,1,4,4,2
waterso,councilors_21.png,6,4,2,2,4
waterso,nba_players_78.png,7,7,2,7,6
qqq,142826.jpg,2,1,1,3,3
waterso,181377.jpg,4,8,6,4,3
waterso,legislator_10.png,6,2,3,4,2
waterso,126409.jpg,5,1,7,3,4
qqq,136473.jpg,3,1,2,4,3
waterso,201757.jpg,7,4,1,2,6
qqq,025077.jpg,6,3,1,5,4
waterso,legislator_48.png,4,1,7,5,4
qqq,nba_players_471.png,7,6,1,4,5
qqq,councilors_17.png,3,2,1,3,2
waterso,068878.jpg,6,2,4,2,3
waterso,040829.jpg,6,1,6,5,2
waterso,nba_players_451.png,7,8,2,7,5
waterso,nba_players_435.png,7,4,2,8,2
qqq,127449.jpg,8,7,1,4,3
waterso,098210.jpg,4,6,2,2,6
qqq,aov_95.png,2,1,7,3,9
waterso,140905.jpg,5,2,6,4,6
waterso,171767.jpg,7,1,5,5,8
qqq,151696.jpg,2,2,1,3,2
waterso,139346.jpg,6,1,5,6,4
waterso,114704.jpg,5,3,8,2,6
qqq,199545.jpg,5,1,4,2,3
qqq,aov_13.png,8,3,1,4,3
waterso,126799.jpg,8,4,2,4,4
qqq,030153.jpg,8,3,1,3,5
waterso,095282.jpg,5,1,6,3,2
waterso,136041.jpg,7,5,3,5,7
waterso,legislator_96.png,7,2,1,3,2
qqq,000543.jpg,6,6,1,8,3
waterso,052044.jpg,6,2,3,5,2
waterso,nba_players_252.png,8,6,2,6,2
qqq,ghes_108_6_12.png,3,2,1,2,2
waterso,095787.jpg,6,2,6,3,6
qqq,legislator_59.png,3,1,1,2,5
waterso,194067.jpg,6,2,6,7,6
qqq,nba_players_194.png,7,7,1,6,5
qqq,071989.jpg,4,2,7,5,2
qqq,018141.jpg,3,1,3,2,1
qqq,090534.jpg,5,5,1,5,3
qqq,nba_players_310.png,8,9,2,6,5
qqq,052070.jpg,4,3,1,2,2
waterso,096767.jpg,7,2,6,8,5
qqq,035827.jpg,6,2,1,1,2
waterso,legislator_107.png,4,2,1,2,3
qqq,nba_players_357.png,7,5,1,5,2
waterso,nba_players_485.png,7,6,1,7,3
qqq,councilors_35.png,3,2,1,2,1
qqq,095509.jpg,2,1,5,4,4
waterso,nba_players_403.png,8,5,2,8,7
qqq,nctucs_64.png,4,3,1,1,2
qqq,nba_players_47.png,8,5,1,6,5
qqq,095099.jpg,4,1,4,4,2
qqq,nba_players_291.png,8,6,1,4,2
qqq,nba_players_86.png,8,7,2,6,7
waterso,nba_players_273.png,7,7,2,7,3
qqq,140698.jpg,5,1,7,5,2
qqq,councilors_62.png,3,3,1,2,3
waterso,aov_59.png,6,7,8,6,3
qqq,099174.jpg,5,6,2,2,3
qqq,nba_players_296.png,7,5,2,4,2
waterso,028942.jpg,7,2,4,3,1
waterso,nba_players_83.png,8,7,2,5,4
waterso,nctucs_85.png,5,2,1,4,2
waterso,048367.jpg,6,2,8,7,3
qqq,079955.jpg,3,1,3,3,2
waterso,nba_players_456.png,8,6,2,6,3
qqq,nba_players_440.png,8,6,1,6,6
waterso,057191.jpg,8,7,3,8,5
qqq,172423.jpg,4,2,1,2,3
waterso,031051.jpg,4,1,3,4,3
waterso,099044.jpg,9,8,2,3,4
qqq,nba_players_535.png,8,5,1,3,5
waterso,nba_players_509.png,7,6,2,6,2
waterso,ghes_108_6_8.png,3,2,1,5,2
qqq,159867.jpg,6,3,1,3,2
qqq,councilors_32.png,3,1,1,2,1
waterso,nba_players_271.png,7,6,2,3,4
waterso,nba_players_31.png,7,6,2,5,3
waterso,115722.jpg,5,2,4,5,6
waterso,nba_players_39.png,6,4,2,4,6
waterso,councilors_37.png,6,4,2,5,1
waterso,aov_65.png,0,0,0,0,0
qqq,legislator_85.png,4,1,2,2,1
waterso,007362.jpg,7,3,3,3,6
waterso,081096.jpg,7,4,2,7,2
waterso,nba_players_228.png,6,2,5,6,3
qqq,127685.jpg,3,2,1,3,2
qqq,nba_players_336.png,8,5,1,4,3
qqq,123834.jpg,7,3,1,2,1
waterso,115925.jpg,5,2,3,1,6
qqq,094999.jpg,5,3,1,4,2
qqq,nba_players_404.png,6,7,2,6,6
waterso,047437.jpg,7,6,1,5,6
qqq,nba_players_25.png,6,6,1,6,7
qqq,056668.jpg,3,1,2,2,2
waterso,nba_players_453.png,5,5,2,6,2
qqq,nba_players_124.png,9,8,1,6,5
waterso,135581.jpg,6,7,4,3,6
qqq,169174.jpg,4,1,5,2,3
qqq,aov_93.png,7,2,3,7,2
qqq,nctucs_10.png,4,2,1,2,1
qqq,nba_players_462.png,6,7,1,5,4
qqq,nctucs_22.png,3,1,1,1,1
waterso,113754.jpg,8,2,5,2,7
qqq,nctucs_13.png,3,2,1,2,2
qqq,078506.jpg,7,9,1,5,9
qqq,nba_players_166.png,8,6,1,4,5
qqq,nba_players_144.png,7,2,1,4,6
qqq,125385.jpg,5,2,1,1,1
qqq,nba_players_118.png,8,5,1,4,3
qqq,122187.jpg,3,1,4,2,1
qqq,aov_24.png,8,3,1,4,2
liao,063723.jpg,3,2,9,2,1
liao,194301.jpg,4,3,3,3,2
liao,legislator_21.png,6,3,1,2,4
liao,111725.jpg,5,3,2,1,3
liao,legislator_104.png,3,3,3,2,3
liao,aov_82.png,2,7,1,7,1
liao,055784.jpg,4,3,1,3,2
liao,060421.jpg,6,3,8,3,5
liao,102688.jpg,3,3,4,2,2
liao,legislator_26.png,4,3,1,3,2
liao,nba_players_319.png,6,6,2,4,3
liao,nba_players_430.png,6,7,2,4,5
liao,020205.jpg,3,4,1,2,3
liao,nba_players_140.png,7,6,2,4,4
liao,106921.jpg,9,5,4,3,6
liao,064899.jpg,7,3,1,2,5
liao,councilors_22.png,3,3,2,3,3
liao,nctucs_56.png,8,5,1,2,6
qqq,nba_players_371.png,7,7,2,6,5
qqq,026461.jpg,6,2,5,4,2
qqq,nctucs_7.png,3,1,1,3,1
qqq,145205.jpg,5,4,1,3,4
qqq,legislator_93.png,5,2,1,3,2
qqq,089204.jpg,6,3,1,5,1
qqq,122417.jpg,4,2,2,3,2
qqq,nba_players_125.png,6,7,2,6,6
waterso,197953.jpg,6,7,2,4,6
waterso,040781.jpg,6,3,4,6,2
waterso,legislator_111.png,6,3,4,2,2
waterso,nba_players_130.png,7,7,2,7,4
waterso,160517.jpg,5,3,6,2,6
waterso,legislator_21.png,5,2,1,3,2
waterso,nba_players_201.png,7,5,3,3,7
waterso,155648.jpg,7,5,3,7,4
waterso,councilors_17.png,7,3,1,4,3
waterso,089934.jpg,4,6,2,2,7
waterso,104255.jpg,5,2,4,2,6
waterso,aov_29.png,7,6,5,2,6
liao,aov_48.png,8,3,5,3,4
liao,030558.jpg,3,4,3,4,1
waterso,nba_players_317.png,7,6,2,7,2
waterso,011876.jpg,3,4,2,2,5
liao,032791.jpg,6,4,5,1,4
liao,019723.jpg,2,4,4,2,2
liao,126409.jpg,5,2,6,2,4
liao,029318.jpg,5,4,1,2,5
liao,090926.jpg,3,4,1,4,1
liao,nba_players_245.png,4,6,1,6,1
liao,020060.jpg,4,2,4,3,1
liao,nba_players_463.png,5,4,1,4,6
liao,096746.jpg,4,2,3,1,2
waterso,107328.jpg,5,2,4,6,6
liao,nba_players_495.png,3,6,1,7,2
liao,133999.jpg,6,4,1,1,6
liao,nctucs_67.png,3,4,3,3,1
liao,135562.jpg,8,5,10,5,7
waterso,181096.jpg,7,6,2,2,6
liao,nba_players_185.png,4,8,1,6,1
liao,034111.jpg,4,2,3,2,4
liao,nba_players_477.png,4,7,2,8,1
liao,nba_players_493.png,9,6,2,2,8
waterso,124237.jpg,4,9,5,7,3
liao,059804.jpg,6,4,3,1,3
liao,032613.jpg,4,2,3,2,2
liao,councilors_33.png,4,3,3,2,4
liao,095739.jpg,3,4,4,2,1
liao,196025.jpg,6,5,1,4,5
liao,nba_players_72.png,5,6,1,5,2
liao,legislator_93.png,3,4,1,2,1
liao,054728.jpg,4,2,1,2,3
liao,aov_85.png,4,5,6,5,2
liao,030235.jpg,6,4,2,2,4
liao,legislator_77.png,3,3,3,2,1
liao,nba_players_196.png,7,6,2,3,4
liao,legislator_5.png,1,3,5,3,3
qqq,010798.jpg,5,1,3,4,3
qqq,nba_players_52.png,8,5,1,6,4
qqq,nba_players_40.png,7,4,1,5,3
qqq,090617.jpg,3,1,4,3,2
qqq,nba_players_248.png,7,7,2,1,5
qqq,020205.jpg,5,8,1,3,7
qqq,ghes_107_6_3.png,2,1,1,1,3
qqq,nba_players_214.png,7,6,1,1,2
qqq,nba_players_528.png,8,5,1,5,2
qqq,179053.jpg,4,1,5,4,6
qqq,149780.jpg,4,1,6,2,3
qqq,nba_players_114.png,7,8,1,5,5
shih,034111.jpg,5,5,4,6,5
shih,nba_players_432.png,7,6,3,7,6
qqq,082673.jpg,5,1,3,4,2
shih,076616.jpg,6,9,6,6,3
shih,132068.jpg,4,3,7,4,2
shih,037289.jpg,6,7,4,6,4
shih,nba_players_215.png,6,7,5,7,5
shih,nba_players_211.png,8,6,4,8,5
qqq,158015.jpg,3,2,1,2,2
qqq,060480.jpg,2,1,5,5,3
qqq,nctucs_110.png,4,2,1,3,1
qqq,159011.jpg,6,3,1,2,4
qqq,092210.jpg,7,6,1,2,4
qqq,024159.jpg,3,1,3,3,3
shih,legislator_61.png,5,4,6,2,7
shih,117248.jpg,3,3,6,5,6
qqq,082837.jpg,3,1,2,2,1
qqq,037674.jpg,5,2,10,7,9
qqq,legislator_48.png,3,1,8,3,1
qqq,172375.jpg,3,1,4,4,3
qqq,nba_players_276.png,0,0,0,0,0
qqq,aov_37.png,8,6,1,4,5
qqq,039000.jpg,0,0,0,0,0
qqq,nba_players_490.png,8,6,1,3,7
qqq,124791.jpg,5,8,1,5,3
qqq,038066.jpg,6,4,1,2,2
qqq,legislator_92.png,9,3,1,1,2
qqq,109566.jpg,5,6,1,3,4
qqq,173928.jpg,3,6,1,7,5
qqq,175110.jpg,3,1,6,5,4
qqq,nba_players_3.png,10,6,1,5,8
qqq,nba_players_366.png,6,6,1,6,4
qqq,047675.jpg,6,2,7,6,5
qqq,nctucs_94.png,4,2,1,3,3
qqq,172152.jpg,5,1,6,3,2
qqq,142584.jpg,6,2,1,1,1
qqq,nba_players_85.png,9,6,1,3,8
qqq,113629.jpg,2,1,3,1,1
qqq,nba_players_232.png,7,7,1,5,4
qqq,091345.jpg,2,1,2,1,1
qqq,legislator_8.png,5,3,1,4,2
qqq,nba_players_171.png,6,5,1,4,4
qqq,ghes_107_6_7.png,2,2,1,3,1
qqq,011114.jpg,3,1,3,5,8
qqq,060708.jpg,4,1,3,1,2
qqq,025349.jpg,3,1,8,7,8
qqq,nba_players_135.png,6,8,1,6,5
qqq,003082.jpg,3,1,2,4,1
qqq,nctucs_92.png,3,3,1,3,2
qqq,aov_19.png,5,8,1,5,9
qqq,143764.jpg,3,2,1,2,2
qqq,nba_players_552.png,5,7,2,5,5
qqq,nba_players_347.png,8,5,1,3,2
qqq,legislator_55.png,3,1,2,2,1
qqq,nba_players_455.png,6,7,1,7,6
qqq,188955.jpg,3,1,6,2,3
qqq,nctucs_56.png,4,5,1,4,5
qqq,110978.jpg,3,1,3,4,2
qqq,nba_players_428.png,6,5,1,5,2
qqq,089368.jpg,2,1,2,1,2
qqq,aov_71.png,10,2,1,4,1
qqq,030149.jpg,7,4,1,3,2
qqq,006411.jpg,9,3,1,2,2
qqq,053778.jpg,3,1,2,3,1
qqq,nba_players_448.png,6,7,1,4,6
qqq,077067.jpg,3,1,7,2,3
qqq,160328.jpg,3,1,3,2,1
qqq,nba_players_146.png,8,6,1,4,1
qqq,nba_players_499.png,8,5,1,3,3
qqq,104162.jpg,2,1,8,4,3
qqq,018345.jpg,2,1,7,5,4
qqq,128291.jpg,4,2,1,3,2
qqq,nba_players_518.png,9,6,1,3,4
qqq,171774.jpg,5,6,1,3,6
qqq,071945.jpg,5,1,8,4,3
qqq,aov_56.png,4,8,1,5,7
qqq,164870.jpg,6,5,1,3,4
qqq,aov_75.png,3,8,1,4,9
qqq,152209.jpg,6,4,1,4,2
qqq,142163.jpg,3,1,5,4,2
qqq,106026.jpg,5,3,1,3,2
qqq,066419.jpg,5,3,1,3,1
qqq,002810.jpg,4,2,1,1,2
qqq,nba_players_12.png,7,5,1,6,3
qqq,096893.jpg,4,1,5,2,6
liao,legislator_23.png,6,3,1,1,3
liao,councilors_38.png,3,3,3,3,1
liao,002219.jpg,5,4,6,4,1
liao,121554.jpg,4,3,1,3,1
liao,legislator_76.png,2,3,9,1,3
liao,nba_players_7.png,4,5,0,5,3
liao,nba_players_561.png,7,8,1,4,5
liao,117536.jpg,3,2,4,3,1
liao,092210.jpg,4,4,1,1,3
liao,nba_players_33.png,5,6,1,3,5
liao,021773.jpg,4,2,3,1,1
liao,028142.jpg,6,2,1,1,2
liao,nba_players_478.png,5,7,1,4,2
liao,058840.jpg,6,5,1,2,6
liao,101851.jpg,3,2,5,2,3
liao,002097.jpg,4,2,1,1,2
liao,140698.jpg,4,2,6,2,3
liao,158673.jpg,4,3,1,2,0
liao,nba_players_192.png,5,4,1,4,2
liao,040854.jpg,6,4,1,3,2
liao,160517.jpg,6,1,6,2,3
liao,148883.jpg,6,2,3,2,4
shih,150097.jpg,4,3,6,4,4
shih,017763.jpg,4,5,6,1,6
shih,084193.jpg,5,5,4,6,4
shih,015746.jpg,4,3,6,7,5
shih,nctucs_123.png,5,3,4,3,3
shih,125284.jpg,8,8,7,7,6
shih,018617.jpg,4,3,6,4,5
shih,040781.jpg,4,3,6,4,5
shih,nba_players_342.png,8,7,3,8,6
shih,councilors_3.png,3,2,7,3,6
shih,legislator_68.png,3,3,7,2,5
shih,009134.jpg,5,6,5,7,5
shih,173979.jpg,5,7,6,7,6
shih,nctucs_27.png,5,4,5,5,6
shih,156251.jpg,4,3,6,4,4
shih,nba_players_539.png,7,6,3,7,4
qqq,084193.jpg,6,7,1,4,5
qqq,089934.jpg,4,3,1,1,3
qqq,029366.jpg,5,7,1,4,2
qqq,nba_players_488.png,8,6,1,6,5
qqq,181377.jpg,4,9,1,4,4
qqq,nba_players_496.png,9,6,1,6,4
qqq,aov_88.png,7,3,1,4,1
qqq,131204.jpg,7,4,1,3,2
qqq,nba_players_403.png,6,6,1,3,5
qqq,162979.jpg,5,1,7,3,3
qqq,009133.jpg,4,1,6,7,2
qqq,aov_52.png,8,3,1,3,1
qqq,aov_30.png,8,2,2,5,2
qqq,094179.jpg,4,3,1,3,2
qqq,122303.jpg,2,3,1,1,1
qqq,legislator_43.png,3,1,1,1,1
qqq,010576.jpg,3,1,2,3,3
qqq,councilors_42.png,2,1,1,2,1
qqq,aov_34.png,9,2,1,1,2
qqq,121554.jpg,4,3,1,3,1
qqq,nba_players_478.png,8,5,1,3,2
qqq,nba_players_474.png,6,5,1,5,2
qqq,nba_players_200.png,7,5,1,5,2
qqq,legislator_111.png,4,1,2,2,1
qqq,072124.jpg,3,1,2,4,1
qqq,legislator_12.png,2,1,1,2,1
qqq,nba_players_434.png,6,5,1,4,3
qqq,071718.jpg,3,1,3,2,2
qqq,nba_players_106.png,5,3,1,2,3
qqq,196933.jpg,2,1,1,1,2
qqq,066427.jpg,5,3,1,2,2
qqq,nba_players_266.png,5,6,2,4,4
qqq,011876.jpg,2,2,1,2,3
qqq,nctucs_116.png,3,2,1,2,1
qqq,005758.jpg,4,2,1,2,2
qqq,110111.jpg,2,1,4,4,3
qqq,002219.jpg,4,1,2,5,2
qqq,nctucs_95.png,4,2,1,2,1
qqq,045083.jpg,4,5,1,7,3
qqq,nctucs_9.png,6,3,1,2,2
qqq,111533.jpg,3,2,4,6,3
qqq,111640.jpg,5,3,1,3,2
qqq,192165.jpg,3,1,2,3,2
qqq,legislator_107.png,3,1,1,2,1
qqq,nba_players_511.png,6,4,1,4,2
qqq,115265.jpg,3,1,4,2,1
qqq,nba_players_505.png,7,5,1,4,4
qqq,nba_players_387.png,6,8,1,6,8
liao,nba_players_523.png,5,7,2,5,2
liao,110029.jpg,9,6,1,3,7
liao,nctucs_45.png,7,3,2,2,3
qqq,025561.jpg,2,1,2,4,3
qqq,188282.jpg,2,1,6,3,4
qqq,080475.jpg,2,1,3,2,2
qqq,aov_45.png,3,7,1,8,6
qqq,ghes_108_6_3.png,1,1,1,1,1
qqq,104038.jpg,2,1,4,2,2
qqq,nba_players_568.png,7,6,1,4,3
qqq,nba_players_383.png,5,6,1,4,4
shih,nctucs_115.png,3,3,6,4,4
shih,168435.jpg,3,1,8,3,4
shih,126409.jpg,4,2,7,4,3
shih,aov_78.png,7,6,5,7,7
shih,067543.jpg,7,7,3,10,7
shih,legislator_75.png,6,4,3,4,5
shih,096903.jpg,5,4,4,4,3
shih,nba_players_527.png,7,5,5,6,3
shih,130535.jpg,6,4,7,5,6
shih,councilors_43.png,4,3,7,4,4
shih,nba_players_339.png,8,7,3,7,7
shih,nba_players_29.png,9,7,5,6,5
shih,aov_17.png,5,7,9,9,6
shih,nctucs_16.png,5,6,6,4,6
shih,152902.jpg,8,2,7,4,5
shih,201502.jpg,7,6,3,7,5
shih,197450.jpg,7,7,4,6,5
shih,councilors_11.png,4,3,3,3,3
shih,081689.jpg,4,3,2,3,4
shih,089445.jpg,4,3,6,4,3
shih,legislator_54.png,5,3,3,3,4
shih,councilors_56.png,4,3,2,4,4
shih,091345.jpg,5,4,4,4,3
shih,nba_players_389.png,6,6,3,8,5
shih,nctucs_121.png,4,1,7,2,4
shih,096101.jpg,7,5,4,6,5
shih,nctucs_118.png,4,3,8,1,7
shih,nba_players_477.png,7,7,2,9,8
shih,legislator_12.png,5,2,7,5,4
shih,088410.jpg,4,2,5,2,4
shih,aov_57.png,10,8,10,10,5
shih,nctucs_57.png,4,4,3,4,3
shih,046190.jpg,5,2,7,4,3
shih,nctucs_58.png,5,4,6,7,5
shih,nba_players_17.png,8,7,2,7,5
shih,nba_players_303.png,7,5,4,10,6
shih,nba_players_87.png,8,8,2,9,5
shih,086743.jpg,4,2,7,3,4
shih,159023.jpg,4,4,3,4,3
shih,146573.jpg,3,2,5,4,4
shih,nba_players_181.png,9,7,1,7,2
shih,legislator_87.png,5,4,5,4,2
shih,legislator_29.png,8,7,5,6,4
shih,064342.jpg,4,3,7,5,4
shih,052572.jpg,3,3,5,4,5
shih,nba_players_479.png,7,7,2,8,5
shih,160863.jpg,5,3,7,6,7
shih,nba_players_392.png,7,7,3,8,7
shih,nctucs_102.png,2,3,8,3,4
shih,106896.jpg,5,5,7,4,7
shih,nba_players_332.png,7,5,5,8,6
shih,093031.jpg,6,4,7,4,4
shih,197098.jpg,4,2,5,4,2
shih,nctucs_97.png,5,4,3,4,7
shih,nctucs_99.png,3,3,4,3,1
shih,172906.jpg,4,2,8,6,3
shih,nba_players_26.png,7,7,4,6,5
shih,104255.jpg,4,2,6,4,7
shih,aov_97.png,9,8,8,8,7
shih,153501.jpg,5,3,4,2,3
shih,nba_players_333.png,8,7,4,7,6
shih,nba_players_535.png,7,6,3,7,6
shih,councilors_16.png,4,2,7,3,7
shih,002643.jpg,4,3,7,2,7
shih,067748.jpg,4,4,7,4,7
shih,nba_players_441.png,8,7,4,6,5
shih,025898.jpg,8,7,4,7,5
shih,councilors_50.png,5,3,6,4,3
liao,193566.jpg,6,5,3,2,4
liao,059006.jpg,4,6,4,5,2
liao,nctucs_93.png,4,3,3,2,1
liao,nba_players_128.png,6,6,2,3,4
liao,councilors_23.png,5,3,2,2,3
liao,036681.jpg,6,6,4,4,3
shih,nba_players_21.png,6,5,5,5,5
shih,041247.jpg,4,3,6,3,4
shih,aov_22.png,10,7,10,6,7
shih,072593.jpg,7,5,6,5,6
shih,107328.jpg,4,3,6,4,6
shih,nba_players_380.png,6,5,4,5,3
shih,068038.jpg,5,4,6,4,6
shih,175033.jpg,4,4,5,4,2
shih,nba_players_209.png,7,8,5,7,4
shih,146908.jpg,4,2,3,3,2
shih,legislator_19.png,3,2,2,2,3
shih,nba_players_267.png,7,7,6,9,5
shih,115265.jpg,4,3,3,3,2
shih,nba_players_174.png,6,6,5,7,4
shih,nba_players_291.png,6,8,7,6,7
shih,152256.jpg,4,4,7,2,4
shih,nba_players_444.png,8,6,4,6,4
shih,ghes_107_6_20.png,4,2,8,4,2
shih,nba_players_334.png,7,7,5,7,5
shih,nctucs_98.png,4,3,6,3,4
shih,councilors_12.png,3,3,7,4,4
shih,nba_players_126.png,7,5,4,7,4
shih,115089.jpg,7,6,4,5,4
shih,nba_players_95.png,7,8,6,7,6
shih,181096.jpg,7,8,3,7,6
shih,070158.jpg,5,3,4,3,4
shih,182295.jpg,3,1,4,3,1
shih,145346.jpg,3,2,4,3,2
shih,131518.jpg,7,6,5,6,5
qqq,187475.jpg,2,1,4,4,2
qqq,104728.jpg,5,4,1,3,2
qqq,004357.jpg,1,1,3,1,1
qqq,nba_players_508.png,6,5,1,3,4
qqq,nba_players_94.png,6,4,2,3,3
qqq,nba_players_494.png,5,6,1,6,3
qqq,133201.jpg,2,1,3,2,2
qqq,009635.jpg,2,1,4,3,3
qqq,089601.jpg,5,4,1,3,2
qqq,nba_players_558.png,5,6,1,4,3
qqq,083921.jpg,3,1,1,1,2
qqq,164349.jpg,2,1,2,2,1
qqq,ghes_107_6_20.png,2,1,2,3,2
qqq,nctucs_71.png,4,3,2,2,1
qqq,nba_players_67.png,6,5,1,5,3
qqq,148247.jpg,3,1,3,2,1
qqq,109473.jpg,2,1,7,4,3
qqq,nba_players_107.png,5,5,1,5,2
qqq,aov_43.png,4,2,7,7,7
qqq,187245.jpg,4,3,1,3,1
qqq,162919.jpg,3,2,1,3,3
qqq,040854.jpg,4,2,1,3,4
qqq,nba_players_547.png,6,7,2,6,4
qqq,aov_66.png,6,1,3,4,3
qqq,nba_players_319.png,4,5,1,5,4
qqq,067328.jpg,5,4,1,4,3
qqq,027044.jpg,2,1,6,5,1
qqq,088210.jpg,3,1,2,2,1
qqq,nctucs_105.png,3,3,1,2,1
qqq,nba_players_280.png,6,8,1,3,4
qqq,legislator_98.png,3,4,2,2,1
qqq,117248.jpg,3,6,3,5,3
qqq,105145.jpg,6,5,1,4,4
qqq,legislator_56.png,5,4,1,3,4
qqq,nba_players_2.png,6,8,1,6,3
qqq,nba_players_103.png,7,7,1,4,7
qqq,nba_players_522.png,5,6,1,5,6
qqq,nba_players_272.png,5,6,1,8,6
qqq,162189.jpg,3,1,4,3,1
qqq,184630.jpg,7,6,1,4,4
qqq,nba_players_211.png,6,6,1,8,5
qqq,legislator_74.png,3,3,1,3,3
qqq,nctucs_93.png,3,3,1,2,2
qqq,040803.jpg,4,1,10,5,5
